epoch,step,test_substrates_classes_acc,test_substrates_classes_auc,test_substrates_classes_loss,test_substrates_classes_pr_auc,test_substrates_classes_precision,test_substrates_classes_recall,test_total_acc,test_total_auc,test_total_loss,test_total_pr_auc
0,0,0.5647668242454529,0.6340402960777283,1.0375399589538574,0.6164352893829346,0.5796349048614502,0.5842089653015137,0.5647668242454529,0.6340402960777283,1.0375399589538574,0.6164352893829346
0,0,0.7571428418159485,0.8650345802307129,0.5248719453811646,0.86646968126297,0.7528204917907715,0.7578991651535034,0.7571428418159485,0.8650345802307129,0.5248719453811646,0.86646968126297
