epoch,step,test_substrates_classes_acc,test_substrates_classes_auc,test_substrates_classes_loss,test_substrates_classes_pr_auc,test_substrates_classes_precision,test_substrates_classes_recall,test_total_acc,test_total_auc,test_total_loss,test_total_pr_auc
0,0,0.6901554465293884,0.7539139986038208,0.6133587956428528,0.7235153317451477,0.6874591708183289,0.7005065679550171,0.6901554465293884,0.7539139986038208,0.6133587956428528,0.7235153317451477
0,0,0.8285714387893677,0.9108599424362183,0.4087253212928772,0.8984819054603577,0.8239538669586182,0.8288344740867615,0.8285714387893677,0.9108599424362183,0.4087253212928772,0.8984819054603577
