epoch,step,test_substrates_classes_acc,test_substrates_classes_auc,test_substrates_classes_loss,test_substrates_classes_pr_auc,test_substrates_classes_precision,test_substrates_classes_recall,test_total_acc,test_total_auc,test_total_loss,test_total_pr_auc
0,0,0.6777201890945435,0.7272861003875732,0.6462023258209229,0.6977081894874573,0.6685817241668701,0.679252028465271,0.6777201890945435,0.7272861003875732,0.6462023258209229,0.6977081894874573
0,0,0.7642857432365417,0.8382506370544434,0.5027009844779968,0.8149222731590271,0.7594572305679321,0.7640720009803772,0.7642857432365417,0.8382506370544434,0.5027009844779968,0.8149222731590271
