epoch,step,test_substrates_classes_acc,test_substrates_classes_auc,test_substrates_classes_loss,test_substrates_classes_pr_auc,test_substrates_classes_precision,test_substrates_classes_recall,test_total_acc,test_total_auc,test_total_loss,test_total_pr_auc
0,0,0.582383394241333,0.6383931636810303,1.0785057544708252,0.6238943934440613,0.5780982375144958,0.5834758281707764,0.582383394241333,0.6383931636810303,1.0785057544708252,0.6238943934440613
0,0,0.7642857432365417,0.8292529582977295,0.5720180869102478,0.8346000909805298,0.759905219078064,0.7525632977485657,0.7642857432365417,0.8292529582977295,0.5720180869102478,0.8346000909805298
