epoch,step,test_substrates_classes_acc,test_substrates_classes_auc,test_substrates_classes_loss,test_substrates_classes_pr_auc,test_substrates_classes_precision,test_substrates_classes_recall,test_total_acc,test_total_auc,test_total_loss,test_total_pr_auc
0,0,0.597927451133728,0.6355433464050293,0.9401397705078125,0.6270856857299805,0.5894731283187866,0.5952843427658081,0.597927451133728,0.6355433464050293,0.9401397705078125,0.6270856857299805
0,0,0.7571428418159485,0.8344842195510864,0.55494225025177,0.8362498879432678,0.7511931657791138,0.7532956600189209,0.7571428418159485,0.8344842195510864,0.55494225025177,0.8362498879432678
